id,code,message
2767590820,63,User has been suspended.
887508829587488768,63,User has been suspended.
1338073232,63,User has been suspended.
1147654506076725248,63,User has been suspended.
1160237865516838912,50,User not found.
1076440707626225664,63,User has been suspended.
250425415,63,User has been suspended.
850344159118602240,63,User has been suspended.
15720622,63,User has been suspended.
1256636223604416512,63,User has been suspended.
1257344497463287808,63,User has been suspended.
906055916079984640,50,User not found.
55260264,63,User has been suspended.
1090545735408463873,63,User has been suspended.
779817695458000896,63,User has been suspended.
2220340166,63,User has been suspended.
1198256313081331712,63,User has been suspended.
1234180357341294592,50,User not found.
1236558680985939968,63,User has been suspended.
1184737696901500928,63,User has been suspended.
1209228641294540800,50,User not found.
3656938635,63,User has been suspended.
312587042,63,User has been suspended.
2920520052,50,User not found.
879758363118059520,63,User has been suspended.
3326667058,63,User has been suspended.
280082481,63,User has been suspended.
3208917395,63,User has been suspended.
873385375435153408,63,User has been suspended.
64400897,50,User not found.
549467184,63,User has been suspended.
1147707158709981184,63,User has been suspended.
1033315215662899200,63,User has been suspended.
7154912,50,User not found.
3193571952,63,User has been suspended.
20282000,63,User has been suspended.
1248247482636787712,50,User not found.
1160844318015279104,63,User has been suspended.
1238684966063501312,50,User not found.
20384756,63,User has been suspended.
1186294892848398336,50,User not found.
715176496005038080,63,User has been suspended.
1391273018,63,User has been suspended.
131930208,63,User has been suspended.
1207073141249466373,63,User has been suspended.
968290202820251648,50,User not found.
959316961661403136,63,User has been suspended.
2320078059,63,User has been suspended.
1237489430472134656,50,User not found.
937962626222497792,50,User not found.
958076839855091712,63,User has been suspended.
1240761596894416896,50,User not found.
850130990706151428,63,User has been suspended.
86796377,63,User has been suspended.
1235658537122107392,50,User not found.
1125799326041690117,63,User has been suspended.
371973749,63,User has been suspended.
146203831,63,User has been suspended.
136002396,63,User has been suspended.
1231650731444330496,63,User has been suspended.
952386545490653184,63,User has been suspended.
259756015,50,User not found.
22864594,63,User has been suspended.
552119039,63,User has been suspended.
1214445293770428417,50,User not found.
988712327133450241,50,User not found.
990982557423423488,63,User has been suspended.
36511832,63,User has been suspended.
1307725177,50,User not found.
183982474,63,User has been suspended.
1243158614337974277,63,User has been suspended.
1236030258127781889,63,User has been suspended.
3627700213,63,User has been suspended.
955454252851384320,50,User not found.
2974299076,63,User has been suspended.
162301746,63,User has been suspended.
185132112,63,User has been suspended.
1197075814740897792,63,User has been suspended.
1232487030959026176,50,User not found.
4866625996,63,User has been suspended.
211816231,63,User has been suspended.
868141636416446466,63,User has been suspended.
1254558235538919424,50,User not found.
780964470642184192,63,User has been suspended.
281826197,63,User has been suspended.
866895449424142336,63,User has been suspended.
393645945,63,User has been suspended.
1106561589233283073,63,User has been suspended.
1239131936767070210,63,User has been suspended.
477174486,63,User has been suspended.
1166384476081070081,63,User has been suspended.
255786966,63,User has been suspended.
796936507156115456,50,User not found.
1323899155,63,User has been suspended.
759692754985242624,50,User not found.
978891109823909889,63,User has been suspended.
1181219822132236290,63,User has been suspended.
134295357,63,User has been suspended.
4800931904,50,User not found.
388630090,63,User has been suspended.
504207204,63,User has been suspended.
723028201853702144,63,User has been suspended.
185110061,63,User has been suspended.
450185389,63,User has been suspended.
2401702404,63,User has been suspended.
877511066976210944,63,User has been suspended.
1210645969194430465,63,User has been suspended.
33835648,63,User has been suspended.
848459717810704384,63,User has been suspended.
837896553868083200,50,User not found.
225333204,63,User has been suspended.
395032876,63,User has been suspended.
1481829344,50,User not found.
236561849,63,User has been suspended.
62065766,63,User has been suspended.
185142479,63,User has been suspended.
4758940069,50,User not found.
1608573751,63,User has been suspended.
1254842654321500160,63,User has been suspended.
754317661341884416,63,User has been suspended.
744364918791507969,63,User has been suspended.
56857442,50,User not found.
52439119,63,User has been suspended.
2736391382,63,User has been suspended.
970716575501291520,63,User has been suspended.
185139587,63,User has been suspended.
1951545253,63,User has been suspended.
3918850197,63,User has been suspended.
16953833,63,User has been suspended.
37175279,50,User not found.
547147512,63,User has been suspended.
766671075048501248,63,User has been suspended.
60880392,63,User has been suspended.
1234956410,63,User has been suspended.
2162046695,63,User has been suspended.
373970475,50,User not found.
1712266717,63,User has been suspended.
2839264760,50,User not found.
50262947,63,User has been suspended.
983596212321333253,63,User has been suspended.
1246730093453590528,63,User has been suspended.
1236273574895329280,50,User not found.
285914459,63,User has been suspended.
56870353,63,User has been suspended.
230257949,63,User has been suspended.
392653005,63,User has been suspended.
176981352,63,User has been suspended.
2248458483,63,User has been suspended.
1215422150783336450,63,User has been suspended.
2877888580,50,User not found.
30437778,63,User has been suspended.
1252607160342593537,63,User has been suspended.
2793371089,50,User not found.
433618893,63,User has been suspended.
923389029210574849,63,User has been suspended.
3691391660,63,User has been suspended.
110404767,63,User has been suspended.
1091853968,63,User has been suspended.
1055183914191470597,63,User has been suspended.
1229337021166080000,63,User has been suspended.
773787972500152320,50,User not found.
16644866,50,User not found.
3579200054,63,User has been suspended.
1017591745,63,User has been suspended.
1097471979823742976,63,User has been suspended.
1152283719857844225,50,User not found.
50716058,63,User has been suspended.
1243536431383023619,63,User has been suspended.
1189576556428976128,63,User has been suspended.
1027822379228000257,63,User has been suspended.
1145572672727916544,63,User has been suspended.
1100879364047101952,63,User has been suspended.
1092120433476792320,50,User not found.
185473576,63,User has been suspended.
84576746,63,User has been suspended.
18959644,63,User has been suspended.
1154082705623146496,50,User not found.
880099198779215872,63,User has been suspended.
1200117762280034304,63,User has been suspended.
50993612,63,User has been suspended.
40339126,63,User has been suspended.
1244442855344451585,63,User has been suspended.
933783659571683328,63,User has been suspended.
767479711194808320,50,User not found.
102123956,63,User has been suspended.
2325567109,63,User has been suspended.
1059189818016579584,63,User has been suspended.
1174571001515954177,63,User has been suspended.
390650964,63,User has been suspended.
1150773966421860352,50,User not found.
1250093064309309441,50,User not found.
30398142,63,User has been suspended.
727448522778284032,63,User has been suspended.
1089760779723624449,63,User has been suspended.
741097155377532928,63,User has been suspended.
1214740246245588994,63,User has been suspended.
3193289931,50,User not found.
974617484014899200,63,User has been suspended.
704864080201297920,50,User not found.
1106358408150548480,63,User has been suspended.
796062298758664192,63,User has been suspended.
1121208567745396736,63,User has been suspended.
2218411411,63,User has been suspended.
813295862,63,User has been suspended.
394375840,63,User has been suspended.
1203860507557412870,63,User has been suspended.
2976578589,63,User has been suspended.
1025186618108530688,50,User not found.
838848159048744960,50,User not found.
1215343778438971394,63,User has been suspended.
28976488,50,User not found.
1081909221527044097,63,User has been suspended.
2482800443,50,User not found.
842971717,63,User has been suspended.
1033875779757776896,63,User has been suspended.
1162485952989880320,63,User has been suspended.
22250517,50,User not found.
823507620627681280,63,User has been suspended.
1088463957814374400,63,User has been suspended.
1862565602,63,User has been suspended.
1244741465860956160,63,User has been suspended.
1218511141845991424,63,User has been suspended.
1222896385927737352,63,User has been suspended.
1859851501,63,User has been suspended.
941683706036719617,63,User has been suspended.
1207322762169077760,50,User not found.
3395460933,63,User has been suspended.
166356616,63,User has been suspended.
7404072,50,User not found.
1029118397139824640,63,User has been suspended.
1019456812829904896,63,User has been suspended.
3369168988,50,User not found.
185131399,63,User has been suspended.
864772438139092993,63,User has been suspended.
810256949027672065,63,User has been suspended.
1085779009382707202,63,User has been suspended.
821781392778547201,63,User has been suspended.
2430392361,63,User has been suspended.
40315730,63,User has been suspended.
828913519483432960,63,User has been suspended.
706203893634469888,63,User has been suspended.
1053164973709504513,63,User has been suspended.
1166897589985263619,63,User has been suspended.
98008000,63,User has been suspended.
2423311951,63,User has been suspended.
805085761,63,User has been suspended.
16672721,63,User has been suspended.
52440175,63,User has been suspended.
1207119107264565249,63,User has been suspended.
2550176466,63,User has been suspended.
1242412681937616896,63,User has been suspended.
760976485008154624,63,User has been suspended.
1235894188639567872,63,User has been suspended.
707895036139016192,63,User has been suspended.
797621935383289856,63,User has been suspended.
551040052,63,User has been suspended.
831136249591242752,63,User has been suspended.
1244955419463860224,50,User not found.
1259069865903763456,50,User not found.
997214626466021376,50,User not found.
1087773938,63,User has been suspended.
505520414,63,User has been suspended.
14992551,63,User has been suspended.
49255039,50,User not found.
3188254040,63,User has been suspended.
1182558894700355585,63,User has been suspended.
796510482509209600,63,User has been suspended.
1236534402290601985,63,User has been suspended.
1062556219,63,User has been suspended.
409682976,50,User not found.
929832459016925185,63,User has been suspended.
1106801843991003136,63,User has been suspended.
1236256907079254016,63,User has been suspended.
3849074534,50,User not found.
1246023520317919232,63,User has been suspended.
983090915018354689,63,User has been suspended.
4564735813,50,User not found.
402896045,63,User has been suspended.
258705871,50,User not found.
252418095,63,User has been suspended.
868137108766052352,63,User has been suspended.
1222539938593497088,63,User has been suspended.
896803237,63,User has been suspended.
1208880375570632704,50,User not found.
1255854351425421313,63,User has been suspended.
1226537529274298370,63,User has been suspended.
16585184,63,User has been suspended.
1169080390113325057,63,User has been suspended.
414337414,63,User has been suspended.
920607852963627008,63,User has been suspended.
1222025020118974464,63,User has been suspended.
217649062,50,User not found.
892386612256157696,63,User has been suspended.
1209210315579314178,63,User has been suspended.
86829922,63,User has been suspended.
2445667482,50,User not found.
1240884572423770112,63,User has been suspended.
18126245,63,User has been suspended.
524822187,50,User not found.
1186011106290098177,63,User has been suspended.
333545921,63,User has been suspended.
3958923617,63,User has been suspended.
1136729977641062400,50,User not found.
3294687151,63,User has been suspended.
265008696,50,User not found.
1207015518068043776,63,User has been suspended.
3405673858,63,User has been suspended.
982943243682959360,63,User has been suspended.
2893266234,63,User has been suspended.
26695674,50,User not found.
541865431,50,User not found.
1154359163092213762,63,User has been suspended.
853736260397084674,63,User has been suspended.
1020097926574485504,63,User has been suspended.
802111033070391296,63,User has been suspended.
1140956725333377024,63,User has been suspended.
330030236,50,User not found.
285456980,63,User has been suspended.
1259973534442491905,63,User has been suspended.
705577366253236224,63,User has been suspended.
1178417352511127553,63,User has been suspended.
899097883,63,User has been suspended.
3104488967,63,User has been suspended.
1180674751829667840,50,User not found.
1113920648,63,User has been suspended.
352301428,63,User has been suspended.
1132506616790638592,50,User not found.
1139290505521565696,63,User has been suspended.
180066019,63,User has been suspended.
160516013,63,User has been suspended.
902975829742727168,63,User has been suspended.
220187399,63,User has been suspended.
78308431,63,User has been suspended.
288435989,63,User has been suspended.
152614077,63,User has been suspended.
1163671779476307969,50,User not found.
1168370486411067394,63,User has been suspended.
2837950933,50,User not found.
1197613647012470790,63,User has been suspended.
36628595,50,User not found.
211025537,63,User has been suspended.
1240738790035140610,50,User not found.
884455440293269505,63,User has been suspended.
840642514214346752,63,User has been suspended.
509198606,50,User not found.
1026753348744237057,63,User has been suspended.
2435679678,63,User has been suspended.
247199255,63,User has been suspended.
1229548709693870080,63,User has been suspended.
1241311664999292931,63,User has been suspended.
1133798646774939649,63,User has been suspended.
1235265381901750272,50,User not found.
1086312910400483328,50,User not found.
984133959717187589,63,User has been suspended.
4719431744,63,User has been suspended.
1196668278640381952,63,User has been suspended.
2528491601,63,User has been suspended.
2252503480,50,User not found.
1189586384169734144,50,User not found.
733297567237279744,50,User not found.
1226237780541333504,63,User has been suspended.
23023227,63,User has been suspended.
1247226278996033537,63,User has been suspended.
3340094147,63,User has been suspended.
140394191,63,User has been suspended.
820682117805961216,50,User not found.
1182247164149411840,63,User has been suspended.
1244525717297057793,63,User has been suspended.
921789257722810371,63,User has been suspended.
614536134,63,User has been suspended.
1099623683054661633,63,User has been suspended.
1032904812281520128,63,User has been suspended.
787102939143888896,50,User not found.
893134752739454977,50,User not found.
800026825023889408,63,User has been suspended.
1238920823492263936,50,User not found.
273200111,63,User has been suspended.
981897942,63,User has been suspended.
3238096667,63,User has been suspended.
313341500,50,User not found.
1372235592,63,User has been suspended.
508081252,63,User has been suspended.
1145472041841319936,63,User has been suspended.
1175887676085592065,63,User has been suspended.
846313699648385024,50,User not found.
1022943918487465985,50,User not found.
1175100057235779584,50,User not found.
1170010350860808193,50,User not found.
1220859710288662529,50,User not found.
27565899,50,User not found.
209109882,50,User not found.
1161230782867750912,63,User has been suspended.
1249533328035725312,63,User has been suspended.
1240199790438354944,63,User has been suspended.
2327594362,63,User has been suspended.
74864841,63,User has been suspended.
545474475,63,User has been suspended.
997806303815745536,63,User has been suspended.
1177380665232375809,50,User not found.
1230514941159002112,63,User has been suspended.
48865797,63,User has been suspended.
511093493,50,User not found.
1035944559715536896,63,User has been suspended.
586181085,63,User has been suspended.
1222048408875098113,63,User has been suspended.
1108423493891313666,50,User not found.
903845384295985152,63,User has been suspended.
2294267640,63,User has been suspended.
1234355161222406145,63,User has been suspended.
1249349933343182850,63,User has been suspended.
967806961164185601,63,User has been suspended.
2357297012,50,User not found.
3296840828,63,User has been suspended.
260801843,63,User has been suspended.
1075522477,50,User not found.
1124186443109228544,63,User has been suspended.
1194240172310745090,50,User not found.
1098254690628833282,50,User not found.
42898306,50,User not found.
2229775704,50,User not found.
47055654,63,User has been suspended.
239802673,63,User has been suspended.
1119372718539984898,63,User has been suspended.
952039296139251712,63,User has been suspended.
1148713822682832896,50,User not found.
78119764,63,User has been suspended.
19234768,50,User not found.
1196874465675743235,50,User not found.
1205861040065597440,50,User not found.
898238734121881600,63,User has been suspended.
787815967409655812,63,User has been suspended.
470097222,63,User has been suspended.
49064513,63,User has been suspended.
64680319,63,User has been suspended.
1062800518697734144,50,User not found.
1437206480,63,User has been suspended.
1166260734742925312,50,User not found.
1167690985,63,User has been suspended.
1234906900870901762,63,User has been suspended.
76641426,63,User has been suspended.
1068074446714531841,50,User not found.
141260159,50,User not found.
1015488988830978048,63,User has been suspended.
913837824138457088,50,User not found.
3525165014,63,User has been suspended.
827586441077219328,50,User not found.
1182757882682580992,63,User has been suspended.
1189357249073803266,63,User has been suspended.
1024370919853187072,63,User has been suspended.
1229351249507577856,63,User has been suspended.
993359066,50,User not found.
1257676687359254528,50,User not found.
768096142139817984,63,User has been suspended.
2534116934,63,User has been suspended.
35227730,63,User has been suspended.
1225437729095208960,63,User has been suspended.
3049267304,50,User not found.
910603156878323712,50,User not found.
702524531412488193,63,User has been suspended.
1278257762,50,User not found.
12475032,50,User not found.
14194329,63,User has been suspended.
493293980,63,User has been suspended.
826900779743211521,63,User has been suspended.
3209758756,63,User has been suspended.
1243370877753921541,63,User has been suspended.
1074574200,63,User has been suspended.
894841013747036160,50,User not found.
1441308799,63,User has been suspended.
934845840782495744,50,User not found.
2618608736,50,User not found.
1147312047735971842,50,User not found.
17866843,63,User has been suspended.
1090611570,50,User not found.
1048051548423643136,63,User has been suspended.
393960191,50,User not found.
714456009712996353,63,User has been suspended.
911949662415855621,63,User has been suspended.
912211013247881216,50,User not found.
996835772786401280,63,User has been suspended.
1104204623475167232,63,User has been suspended.
1158977775241502720,63,User has been suspended.
158871782,50,User not found.
385150206,50,User not found.
3041722431,63,User has been suspended.
830283530697580544,50,User not found.
1213274208177754114,50,User not found.
1213801497378471936,50,User not found.
1018468766219292673,63,User has been suspended.
287407194,50,User not found.
835382959720914944,63,User has been suspended.
819756900,50,User not found.
1182055392974721029,63,User has been suspended.
1142036399576821760,63,User has been suspended.
1208215335591018497,50,User not found.
2978518395,50,User not found.
808313083013775360,63,User has been suspended.
3111445731,63,User has been suspended.
2934282126,63,User has been suspended.
3097049520,63,User has been suspended.
950361668877455360,63,User has been suspended.
130771797,50,User not found.
1174670492483117063,50,User not found.
46245373,63,User has been suspended.
582047031,50,User not found.
34160726,63,User has been suspended.
48292159,63,User has been suspended.
1144973532537004034,63,User has been suspended.
54503794,63,User has been suspended.
1217520455013130240,63,User has been suspended.
2526569442,63,User has been suspended.
3074039856,63,User has been suspended.
1239742479743823872,50,User not found.
270930301,63,User has been suspended.
26885416,50,User not found.
1607076320,50,User not found.
3307187171,63,User has been suspended.
2972603730,50,User not found.
1185090167071109120,63,User has been suspended.
3550890192,63,User has been suspended.
966804357239975937,50,User not found.
1213215702481395712,63,User has been suspended.
1004136583652618247,63,User has been suspended.
1228393391421054976,63,User has been suspended.
316495761,63,User has been suspended.
1258831196479504384,63,User has been suspended.
1251564240890146816,63,User has been suspended.
979827815972573185,63,User has been suspended.
12324882,50,User not found.
833309402270728193,50,User not found.
1063545620,63,User has been suspended.
525859969,63,User has been suspended.
35424249,63,User has been suspended.
1194126411113435136,50,User not found.
810556677741309952,63,User has been suspended.
848892468,50,User not found.
1926781358,50,User not found.
3103543604,63,User has been suspended.
327850832,63,User has been suspended.
1166755649482645504,63,User has been suspended.
49794620,63,User has been suspended.
1040878071224524800,50,User not found.
975160935160610818,63,User has been suspended.
799856689,63,User has been suspended.
746484920,63,User has been suspended.
3369266031,50,User not found.
1182845801313308674,63,User has been suspended.
61579762,63,User has been suspended.
1178080115403694080,50,User not found.
1188575697197027329,63,User has been suspended.
33973135,63,User has been suspended.
710050995028381696,50,User not found.
1232753186483527680,63,User has been suspended.
3148255628,63,User has been suspended.
1174747748442263552,63,User has been suspended.
1176598998871941126,63,User has been suspended.
1104142243865214976,63,User has been suspended.
1147631184563720192,50,User not found.
1224193174727544833,63,User has been suspended.
1231062094730141697,63,User has been suspended.
2529907022,63,User has been suspended.
1075060723536064512,63,User has been suspended.
1121478593618554880,63,User has been suspended.
2226074874,63,User has been suspended.
1180711645,50,User not found.
707170047173636096,63,User has been suspended.
271871753,50,User not found.
100239630,63,User has been suspended.
18259256,63,User has been suspended.
1203909283689246721,50,User not found.
1556233080,63,User has been suspended.
195790897,63,User has been suspended.
4568421388,63,User has been suspended.
1248978761174769664,50,User not found.
742343758457503744,63,User has been suspended.
4575191953,63,User has been suspended.
1240815409625853952,50,User not found.
19020285,50,User not found.
811361538535604224,63,User has been suspended.
314197209,50,User not found.
1006113822254526465,63,User has been suspended.
898570536027955204,63,User has been suspended.
1188395388463656960,63,User has been suspended.
706927801945853952,63,User has been suspended.
3105416541,63,User has been suspended.
1217131877137625088,50,User not found.
805162140,50,User not found.
1185233275498958850,50,User not found.
1242119955879002112,63,User has been suspended.
1098364068417679360,63,User has been suspended.
237966510,63,User has been suspended.
727574226966855680,50,User not found.
324014572,63,User has been suspended.
1408983564,63,User has been suspended.
804196047660650496,63,User has been suspended.
1179180232395218945,63,User has been suspended.
264928711,63,User has been suspended.
2457861627,50,User not found.
3852350893,63,User has been suspended.
955569674737127424,50,User not found.
1162511114804047872,50,User not found.
1194682700231299072,63,User has been suspended.
1015195152011448448,50,User not found.
1255067320835244032,50,User not found.
1197786496582832128,50,User not found.
923999535977959424,50,User not found.
986216802299474048,50,User not found.
1247238336084730112,50,User not found.
722884683722153984,50,User not found.
1062309415422976000,50,User not found.
1060502095990796160,50,User not found.
217584824,63,User has been suspended.
1212001090163499008,63,User has been suspended.
1232496678113968128,50,User not found.
965176425685938048,50,User not found.
305221581,63,User has been suspended.
359783677,63,User has been suspended.
1258056656728076288,50,User not found.
1167416142463479808,50,User not found.
764842910428827520,50,User not found.
984429542499635200,50,User not found.
984133959717187584,50,User not found.
922006978225950848,50,User not found.
1215737471167877120,50,User not found.
935782421223608448,50,User not found.
1131186660593553408,50,User not found.
1185510271780974336,50,User not found.
1017918005005750016,50,User not found.
1201198155561414912,50,User not found.
940033621519360000,50,User not found.
857587204947836928,50,User not found.
252117785,63,User has been suspended.
1029010869613674368,50,User not found.
1000144495499992960,50,User not found.
75619779,63,User has been suspended.
104051410,50,User not found.
1142162855028043648,50,User not found.
946343164129951616,50,User not found.
2634602088,63,User has been suspended.
1233258510365806336,50,User not found.
865505045323800448,50,User not found.
1204584474828267520,50,User not found.
1230541997611593728,50,User not found.
1195196146794270720,63,User has been suspended.
874003566284992512,50,User not found.
1132061196847390848,50,User not found.
1096149275048853632,50,User not found.
1244711038349541120,50,User not found.
1176260167811436288,50,User not found.
747043567936352128,50,User not found.
773384742959976320,50,User not found.
93148570,63,User has been suspended.
722561814106648448,50,User not found.
958330053804351360,50,User not found.
3781510577,63,User has been suspended.
625554369,63,User has been suspended.
999411043356069760,50,User not found.
228924029,63,User has been suspended.
1012470011078762368,50,User not found.
92230638,63,User has been suspended.
1106112392319000448,50,User not found.
30196578,63,User has been suspended.
1109532876310302721,63,User has been suspended.
1165470493987631106,50,User not found.
773683238040662018,63,User has been suspended.
1096332270414241792,50,User not found.
1009403384393187329,63,User has been suspended.
242954148,63,User has been suspended.
779010800371597316,63,User has been suspended.
2980625739,50,User not found.
1191536249980370944,50,User not found.
3306140253,63,User has been suspended.
740385903391080449,63,User has been suspended.
1055296310658519040,63,User has been suspended.
999938217892691969,50,User not found.
723539075697926144,63,User has been suspended.
2906388768,50,User not found.
4819292505,63,User has been suspended.
988042832530296834,50,User not found.
1174864125702180864,50,User not found.
552704384,63,User has been suspended.
1624555531,63,User has been suspended.
1184247857114533888,50,User not found.
811326340548984834,50,User not found.
273661134,63,User has been suspended.
1193644158289924096,63,User has been suspended.
2359198747,63,User has been suspended.
949856740014739457,63,User has been suspended.
1181108516070649858,50,User not found.
1697239633,63,User has been suspended.
1238467680773894144,50,User not found.
1223694131635073024,50,User not found.
1557963656,63,User has been suspended.
286596976,63,User has been suspended.
2185756411,63,User has been suspended.
6044332,63,User has been suspended.
362247968,63,User has been suspended.
3965308156,63,User has been suspended.
1122930504,63,User has been suspended.
838604291183095809,63,User has been suspended.
214079203,50,User not found.
96287304,50,User not found.
1195964727962161152,63,User has been suspended.
701466490986504192,63,User has been suspended.
2522828272,63,User has been suspended.
393007143,63,User has been suspended.
1189992419435196422,50,User not found.
1347842186,63,User has been suspended.
1130513850351181824,50,User not found.
124180350,63,User has been suspended.
1204536119523721216,63,User has been suspended.
324658179,63,User has been suspended.
4168176903,50,User not found.
757173062,63,User has been suspended.
306359195,63,User has been suspended.
893888584939446277,50,User not found.
824765289019621377,63,User has been suspended.
749691780,63,User has been suspended.
837315141242871809,63,User has been suspended.
1246230835096956933,50,User not found.
1167360024848601089,50,User not found.
94243636,63,User has been suspended.
487332207,50,User not found.
3133636464,50,User not found.
374699298,50,User not found.
38812371,63,User has been suspended.
1169273015210610696,50,User not found.
135683437,50,User not found.
2767886832,63,User has been suspended.
1021753060585078789,50,User not found.
232936805,63,User has been suspended.
1184084327061061632,63,User has been suspended.
1140668272867708929,63,User has been suspended.
3904149493,63,User has been suspended.
1075345815818960896,63,User has been suspended.
885524121043578880,50,User not found.
977234060501282816,63,User has been suspended.
22251459,63,User has been suspended.
1254703837,50,User not found.
1187136625,63,User has been suspended.
247179842,63,User has been suspended.
12004852,63,User has been suspended.
942126143980933120,63,User has been suspended.
1150809206036938752,63,User has been suspended.
734886501884952577,63,User has been suspended.
798890670,63,User has been suspended.
1581692574,63,User has been suspended.
846439433872310273,63,User has been suspended.
442649949,50,User not found.
25899351,63,User has been suspended.
1175656387239534592,50,User not found.
1105928629136052225,50,User not found.
858325356297584644,50,User not found.
808810136303243264,63,User has been suspended.
1122628455714234368,50,User not found.
811672031561416704,63,User has been suspended.
1340802312,63,User has been suspended.
1230867639368650753,63,User has been suspended.
3918339922,63,User has been suspended.
158599816,50,User not found.
1213628188875558913,50,User not found.
1730425278,50,User not found.
997144937337532416,50,User not found.
529458793,63,User has been suspended.
15391466,50,User not found.
1232933286659399680,63,User has been suspended.
1030649912017465344,63,User has been suspended.
1111882937757138944,50,User not found.
1044726773722861569,50,User not found.
2226776407,63,User has been suspended.
2999234655,50,User not found.
3845651884,63,User has been suspended.
1052992516297973760,50,User not found.
2296940845,50,User not found.
446288792,63,User has been suspended.
2371830000,63,User has been suspended.
465973745,63,User has been suspended.
1191137891541377025,63,User has been suspended.
44278640,50,User not found.
1167526044452237312,63,User has been suspended.
2660390280,50,User not found.
323363080,63,User has been suspended.
1124767080597868544,63,User has been suspended.
139552315,63,User has been suspended.
24925810,63,User has been suspended.
1961196938,50,User not found.
784840561987465216,50,User not found.
2820680928,63,User has been suspended.
117076454,50,User not found.
1074677844012396544,50,User not found.
136100139,63,User has been suspended.
100272433,63,User has been suspended.
711705264,63,User has been suspended.
1116511791985590273,50,User not found.
2631578080,50,User not found.
894525207620321280,63,User has been suspended.
2310584563,63,User has been suspended.
2357601524,50,User not found.
2926824244,63,User has been suspended.
1190350765556224000,63,User has been suspended.
1249075604185665538,63,User has been suspended.
979588132990435328,50,User not found.
1172706853048004609,63,User has been suspended.
1630796316,63,User has been suspended.
1191844511896539136,63,User has been suspended.
1091708583388110848,63,User has been suspended.
112209293,63,User has been suspended.
1239851148187594759,63,User has been suspended.
2723737081,63,User has been suspended.
